序号,机型,品牌,状态,发布时间,首销时间,国行型号,起售价(元),容量与价格(元),配色,SoC,制程,CPU,GPU,NPU,官方性能提升,安兔兔跑分,Geekbench单核,Geekbench多核,RAM,存储,屏幕尺寸,分辨率,PPI,刷新率,触控采样率,峰值亮度,全局/典型亮度,调光方式,发光材料,盖板玻璃,屏幕供应商,屏幕形态,护眼认证,色域,电池典型容量,电池额定容量,电池技术,有线充电,无线充电,反向充电,充满时间,续航实测,主摄,超广角,长焦/潜望,前置,影像芯片,影像联名,视频规格,机身尺寸(mm),重量,中框,背板,防护等级,WiFi,蓝牙,USB,卫星通信,UWB,红外遥控,指纹,人脸识别,扬声器,振动马达,系统,AI功能,游戏实测,独家配置,优点,缺点,当前到手价,供货状态,够国补门槛(≤6000元)
1,iPhone 18 Pro Max,苹果,在售,2026-09-09,预售09-12 / 开售09-18,A3715/A3718,10999,256G 10999；512G 12999；1TB 16499；2TB 21499,黑色、银色、冰川蓝色、勃艮第酒红色,A20 Pro,Apple未公布（媒体称2nm）,6核（2超级核心+4能效核心）,7核（带神经网络加速器）,双16核,持续性能最高比17 Pro高40%,iOS未收录,4737（GB6实测·IT之家）,12677（GB6实测·IT之家）,Apple未公布,256G/512G/1TB/2TB,6.9英寸OLED,2868×1320,460,ProMotion自适应最高120Hz,未查到,1000nit典型 / 1600nit HDR / 3000nit户外 / 最低1nit,同左,Apple未公布,未查到,超瓷晶面板2 + 抗反射涂层,三星/LG（媒体）,直屏（灵动岛）,未查到,广色域P3 / HDR10+ / 杜比视界 / HLG,Apple未公布,Apple未公布,Apple未公布,约15分钟充至50%（需60W+ AVS适配器）,MagSafe/Qi2 国行15W、美版25W,Apple未公布,未查到,极客湾5.0 10h37m（09-13）；GSMArena 19h20m,4800万融合式 可变光圈f/1.48·f/1.8·f/2.8·f/4.0 24mm 二代传感器位移OIS,4800万 f/2.2 13mm 120°,4800万 f/2.8 100mm(4x) 3D传感器位移OIS+AF；另8x 200mm 1200万,1800万 Center Stage f/1.9 AF,未查到,无,4K120杜比视界、ProRes RAW、Apple Log 2、ACES、Genlock,163.4×78.0×8.75,249g,铝金属一体成型,超瓷晶面板,IP68（最深6米30分钟）,802.11be（Wi-Fi 7）,蓝牙6,USB-C USB 3 最高10Gb/s,中国大陆不支持,第二代超宽带芯片,无,无,Face ID（原深感）,内置立体声 + 四个录音棚级麦克风,Apple未公布,iOS 27,Apple Intelligence 中国大陆未上线,未查到,可变光圈主摄（苹果首次）；C2自研调制解调器；VC均热板面积增至3倍,工艺精致、一体成型扎实、续航最长43小时,249g为全场最重；勃艮第酒红极易沾指纹；首批反馈掉漆变形/死机,京东256G 9899.1（09-28）；512G 12999,现货（京东/苏宁）,否
2,iPhone 17 Pro Max,苹果,已停产下架,2025-09-09,预售09-12 / 开售09-19,A3524/A3527,9999,256G 9999；512G 11999；1TB 13999；2TB 17999,银色、星宇橙色、深蓝色,A19 Pro,Apple未公布,6核（2性能+4能效）,6核（带神经加速器）,16核,Apple未公布,2275118,未查到,未查到,Apple未公布,256G/512G/1TB/2TB,6.9英寸OLED,2868×1320,460,ProMotion自适应最高120Hz,未查到,1000nit典型 / 1600nit HDR / 3000nit户外 / 最低1nit,同左,Apple未公布,未查到,超瓷晶面板2,三星/LG（媒体）,直屏（灵动岛）,未查到,广色域P3,Apple未公布,Apple未公布,Apple未公布,20分钟充至50%（需40W+适配器）,MagSafe/Qi2 国行15W、美版25W,Apple未公布,未查到,极客湾5.0 8h54m（05-11）；GSMArena 17h58m,4800万融合式 f/1.78固定 24mm,4800万 f/2.2,4800万 f/2.8 100mm(4x),1800万 Center Stage f/1.9,未查到,无,4K120杜比视界、ProRes RAW、Apple Log 2,163.4×78.0×8.75,231g（中国页）/233g（美国页）,铝金属一体成型,超瓷晶面板,IP68,802.11be（Wi-Fi 7）,蓝牙6,USB-C USB 3 最高10Gb/s,中国大陆不支持,第二代超宽带芯片,无,无,Face ID（原深感）,内置立体声,Apple未公布,iOS 26,Apple Intelligence 中国大陆未上线,未查到,三摄全4800万；Center Stage方形前置1800万,已降价清仓；手感比18 Pro Max轻18g,铝合金边框掉漆（2025年9月起大量投诉）；已停产只剩第三方货源,京东256G 8291-8752；512G 10640.51（09-27）；2TB 9949.01（09-28）,第三方尾货（官网已下架）,否
3,荣耀 Magic9 Pro Max,荣耀,在售（部分SKU售罄）,2026-09-28 14:30,2026-09-28 16:08,WKL-AN20,6499,12+256G 6499；12+512G 6999；16+512G 7499；16+1TB 8499；摄影大师套装(16+1TB) 10999,苔青、银盐、影黑,第六代骁龙8超级至尊版（骁龙8 Elite Gen6 / SM8975）,2nm,八核 2×5.01GHz + 3×4.03GHz + 3×3.74GHz,Adreno 850（18MB独立高速显存GMEM）,官网仅称性能提升35%,对比上代 CPU+13% / GPU+44% / NPU+35%,5524187（安兔兔官方）,3448（GB6.7.1）,9353（GB6.7.1）,12GB/16GB LPDDR5X（第三方）,256G/512G/1TB UFS 4.1（第三方）,6.8英寸OLED直屏,1320×2868,464,1-120Hz自适应,官网未公布,峰值10000nit（20%窗口6000nit）,全局峰值2000nit / 最低1nit,4320Hz超高频PWM,新一代至臻黑钻屏,荣耀金刚巨犀玻璃（耐摔25倍/耐刮15倍）,未公布,直屏 大R角极窄四等边（0.98mm黑边为爆料）,莱茵全局护眼6.0 + 低反射认证,真10.7亿色 / DCI-P3 / AWG3,8800mAh,8600mAh,青海湖刀片电池 硅含量40% 能量密度1000Wh/L,100W超级快充（20V/5A）,80W超级快充；50W无线车充,有线反向27W + 无线反向,未查到,16h47m（数码研习社09-22 · 单一自媒体来源）,2亿 1/1.28英寸 f/1.57 OIS CIPA8.0 3°云台级防抖,5000万 f/2.0 12mm/122°/1/2.88英寸（第三方）支持AF,2亿潜望 1/1.4英寸 f/2.6 85mm 3.5X光学 最大200倍数字 OIS CIPA8.0,5500万 1/2.74英寸 f/2.0 92° 1:1方形满幅,自研荣耀驭光H1（6nm 18.8 TOPS/W 信噪比+8dB）,ARRI阿莱联合研发（LogC3 / AWG3 / 87套官方Look / ARRI电影模式）,4K 30/60/120fps、1080P慢动作120/240fps、H.264/H.265,161.64×76.98×8.59,约233g,Unibody全金属机身 无缝拼接,全金属（工艺未公布）,IP68 + IP69 + IP69K,Wi-Fi 8（802.11bn 需OTA）+ Wi-Fi 7,蓝牙6.3（支持LDAC/aptX Lossless/LHDC 5.0）,USB Type-C USB 3.2 Gen1 支持DP1.2（标配线仅USB2.0）,未公布（媒体称双向北斗）,未公布,支持（不支持自学习）,3D超声波指纹,支持3D人脸（行业独家双3D生物识别）,双1216扬声器；HONOR Sound 8cc音腔,X轴大马达（IT之家爆料）,MagicOS 11（Android 17）,YOYO智能体/一键妙记/任务/AI通话助理/翻译；首发阿里Qwen Intelligence系统级Agent（100+步任务）,未查到,阿莱ARRI全套影像；电影级枪麦（20米拾音±60°聚焦）；500mm增距镜G500；双3D解锁；8800mAh/40%硅电池；10000nit屏,双2亿影像、续航最强、屏幕护眼最好、防护满级,233g偏重；上市仅1天无第三方实测；官网12个SKU中4个无货,京东12+256G 5999（影黑09-28）；16+512G 6749（苏宁）；16+1TB 7999（京东银盐）,Pro Max全网售罄需等补货（标准版有货）,否
4,小米 18 Pro Max,小米,在售,2026-09-23 晚,发布即开售,未公布,6999,12+256G 6999；12+512G 7999；16+512G 8999；16+1TB 9999；16+1TB透明特别版 10999,黑色、白色、冰桃粉、星河蓝、透明版,第六代骁龙8超级至尊版（Snapdragon 8 Elite Extreme Gen 6）,台积电2nm,第四代Oryon 2超大核+3性能核+3能效核 最高5.0GHz,Adreno 850（首发Adreno Matrix Cores）,未公布,未公布,4859242（CNMO实测）,3582（爆料非实测）,12247（爆料非实测）,12GB/16GB LPDDR5X,256G/512G/1TB UFS 4.1（TLC颗粒无QLC）,6.9英寸AMOLED直屏 超级像素2.0,2624×1208,未公布,1-120Hz LTPO自适应,最高300Hz,多场景峰值4000nit,SDR 1060nit / HDR 2100nit / 最低1nit,全亮度DC调光 + 2160Hz PWM,M11体系 新型绿色发光材料,小米龙晶玻璃3.0（抗跌落提升20倍）,未公布（媒体称华星光电）,直屏 0.99mm四等边 LIPO封装,德国莱茵TÜV无频闪+节律友好认证,BT.2020 / HDR10+ / HDR Vivid / 杜比视界,8500mAh,8350mAh,小米金沙江叠片电池 32%掺硅 946Wh/L 4.55V,100W澎湃秒充（支持100W PPS）,50W澎湃秒充,27W有线反充 + 无线反充,20%起：5min→28% / 10min→36% / 15min→43% / 20min→52%（快科技）,电池狗狗100%→20%用13h29m 折算满电约16h52m（快科技）,2亿光影猎人960L 1/1.28英寸 f/1.67 23mm 16合1 2.44μm OIS QPD 1G+6P LOFIC单帧动态范围16.2EV,5000万 f/2.4 17mm 102° 5cm超级微距 AF,2亿潜望 三星HP5 1/1.56英寸 f/2.4 75mm 3.2倍光变 12cm长焦微距 OIS 进光量+83%,5000万（光圈未公布）,未公布独立影像芯片,徕卡Summilux高速镜头 / 原生双画质 / 经典新管线（RGB Gainmap原生HDR）,8K30fps、4K120fps、全焦段4K60杜比视界、Open Gate,163.39×77.6×8.39（玻纤）/8.47（玻璃）,235g（黑/白/冰桃粉玻纤）/240g（星河蓝/透明版玻璃）,微弧四曲中框（反包弧度1.9mm 较上代+37.7%）,星河蓝：0.15mm人造石薄片+龙晶玻璃3.0；透明版：微米级膜片立体浮雕,IP66/IP68/IP69（Pro Max支持6m防水）,Wi-Fi 7 5GHz 4x4 MIMO 吞吐4.2Gbps,蓝牙6.0 Dual-Bluetooth（LHDC 5.0/LC3/MIHC）,USB 3.2 Gen1（5Gbps 需另购USB3线）,未公布,支持（数字车钥匙厘米级测距）,支持,3D超声波指纹,未公布,立体声三扬声器（顶部前向+后向+底部独立）杜比全景声,0916C超大线性马达（瞬态振动量+112%）,Xiaomi HyperOS 4,超级小爱2.0（MiMo大模型）/传奇一瞬影像大模型/AI帮拍/AI百变背屏/Vibe Coding应用卡,王者120帧平均119.7fps 功耗3.49W 背部37.1℃；星穹铁道59.15fps 功耗5.63W（快科技）,妙享背屏（2.9英寸976×596 / 120Hz / 4000nit / 400PPI / 100+应用卡）；硬件级智能防窥；自定义AI键；UWB,堆料完整、背屏转实用、续航强、镜头做平不积灰,235-240g偏重；防窥开启后正面亮度通透感略降；AI键短按不可自定义,京东原价现货（09-23）,原价现货,否
5,iQOO 16,iQOO,在售（今日发布）,2026-09-29 19:00,发布即开售（20:30全渠道）,V2606A,5999,12+256G 5999（国补5499）；12+512G 6799；16+512G 7499；16+1TB 8499；首销全版本立减500,逐光、赛道、传奇,第六代骁龙8超级至尊版,台积电2nm,第四代Oryon 最高5GHz,Adreno 850,未公布,未公布,5574521（官方实验室）,3434（工程机）,9334（工程机）,12GB/16GB LPDDR5X Ultra（16+1TB为Ultra Pro）,256G/512G/1TB UFS 4.1（读写+30%）,6.85英寸2K三星直屏,3168×1440,508,165Hz LTPO,瞬时5000Hz / 多指500Hz,局部峰值10000nit / 全局2800nit / 手动1100nit,同左,全亮度DC调光 + 至高3300Hz PWM,三星M16发光材料 + 2K LEAD 2.0（功耗低31%）,未公布,三星显示（AR增透膜）,直屏,莱茵全局护眼 + 无偏振显示认证,1.24倍P3,8400mAh,8170mAh,蓝海电池,100W有线,40W无线,未公布,未查到,未查到,5000万 OV50Q 1/1.3英寸 f/1.68 OIS（进光量较15 Ultra提升79%）CIPA5.5,5000万 1/2.75英寸 f/2.05,5000万索尼潜望 LYT-600 1/1.95英寸 f/2.65 3x光变 / 6x无损 / 100x数码 CIPA5.0,3200万 f/2.2（媒体）,未查到,无蔡司联名,8K视频、4K超清Live、4K动态照片,163.7×76.9×8.3/8.4/8.55,222.5g（赛道）/227.9g（传奇）/229.8g（逐光）,航空级铝合金中框,纳米微晶玻璃,IP68/IP69,Wi-Fi 7,未公布（Kimovil标5.4待核）,USB 3.2 Gen1,无,无,支持,超声波3D指纹,未公布,战鼓大师对称双扬Pro,战锤MAX双轴马达091640,首发OriginOS 7（Android 17）,蓝心小V Pro / 小V帮办,未查到（今日发布）,自研电竞芯片Q4（渲染核+15%/缓存+19%/AI+19%/全场景光追/2K+165帧并发6款手游）；2K 165Hz三星珠峰屏；8500mm²单层VC+29453mm²石墨；全局直驱供电,2K 165Hz屏、电竞芯片Q4、8400mAh、最薄8.3mm,无蔡司联名；影像相对弱；上市首日无实测数据,京东12+256G 5399（逐光09-28）；16+512G 6599,首销期有货,是（12+256G 5999<6000）
6,红米 K100 Pro Max,红米,在售,2026-08-11 19:00,发布即开售（首销期08-11起）,未公布,4499,12+256G 4499（首销4199/国补3699）；16+256G 4899（4599/4099）；12+512G 5099（4799/4299）；16+512G 5499（5199/4699）；16+1TB 5999（国补5499 限量2万台）,黑色、流金白、追风蓝、赤霞珠红,第五代骁龙8至尊版（骁龙8 Elite Gen5）,台积电第三代3nm,第三代高通Oryon 最高4.6GHz,Adreno（型号未公布）,高通AI引擎,未公布,455.5万（媒体）/3887994,未查到,未查到,12GB/16GB LPDDR5X Ultra,256G/512G/1TB UFS 4.1（需固件升级支持）,6.9英寸AMOLED直屏,2608×1200,未公布,最高185Hz,触控480Hz / 瞬时4800Hz,多场景峰值4500nit（1%APL达10000nit）,最低1nit,全亮度DC调光（单脉冲类）,M11发光材料,未公布,华星光电（媒体）,直屏,小米青山护眼4.0 / 德国莱茵TÜV四重认证 / CQC视觉维度S++,12bit色深 / P3 / BT.2020 / HDR10+ / HDR Vivid / 杜比视界,9070mAh,8870mAh,金沙江电池 16%硅 914Wh/L,100W有线,50W无线,27W有线反充 + 22.5W无线反充,未查到,短剧90分钟掉5%；星穹铁道120分钟掉22% 估算可连续7小时以上（IT之家）,2亿三星HP5 1/1.56英寸 f/1.68 24mm OIS 16in1 2μm 6P,5000万 OV50M f/2.4 102°,5000万 JN5 1/2.75英寸 f/3.0 5X光学 / 10X无损 / 100X数字 OIS 10cm长焦微距,3200万,未查到,无,8K30、4K60、慢动作1080P1920fps,163.49×77.94×8.45,238g,一体航空铝金属中框（四曲包裹式）,未公布,IP68/IP69（部分媒体列IP66）,Wi-Fi 7,蓝牙6.0,NFC+红外,USB版本未公布,未查到,支持,3D超声波指纹,无,Sound by Bose 2.1三扬声器（双1115D+1620低音炮）,X轴线性马达,Xiaomi HyperOS 3,未单列,王者143.66fps/34.2℃；三角洲92.55fps原生插帧至185/40.6℃；星穹铁道59.79fps/42.8℃（IT之家26℃狂暴模式）,Sound by Bose三扬声器（Pro Max专属）；9070mAh刷新K系列容量纪录；AI游戏独显D2插帧；185Hz屏,性能顶级、续航强、三扬声音质好、手感口碑最好（不硌手）,238g偏重；10X亮度不一致；调度保守,京东12+256G 3674.62（09-25）；16+512G 4674-4969；16+1TB 5099.15（09-23）,现货,是（全系<6000）
7,华为 Mate 80 Pro Max,华为,在售（官方已涨价）,2025-11-25,未查到确切日期,未公布,7999,16+512G 首发7999→现8999（2026-09-01起+1000）；16+1TB 首发8999→现9999,极昼金、极光青、极地银、极夜黑,麒麟9030 Pro,未公布,未公布,未公布,未公布,未公布,未收录（华为不公布）,未查到,1596（GB7实测）,16GB（类型未公布）,512G/1TB（类型未公布 不支持存储卡）,6.9英寸双层OLED,2848×1320,约455,1-120Hz LTPO,300Hz,峰值8000nit（1%APL·官网未列 媒体口径）,未公布,1440Hz高频PWM,未公布,第二代昆仑玻璃,未公布,全等深四微曲屏（ZOL）,未查到,10.7亿色P3,6000mAh,5870mAh,未公布,100W有线,80W无线,有线18W + 无线反充,未查到,极客湾5.0 8h14m（06-22）；官方称极限续航模式最长14天,5000万超高动态 F1.4-F4.0可变光圈 OIS RYYB 24mm（传感器型号尺寸未公布）,4000万 F2.2 RYYB 13mm,超聚光微距长焦5000万 F2.1 OIS RYYB 90.5mm；超长焦5000万 F3.2 OIS RYYB 140mm；4X与6.2X光学 / 12.4X光学品质 / 100X数字,1300万超广角 F2.0 AF + 3D深感,未查到,XMAGE（第二代红枫原色摄像头 具体参数未公布）,最高4K录制,164.4×79×8.25,约239g,全金属玄武架构,金属电池盖,IP68级6米抗水 + IP69级抗高温高压喷水,802.11a/b/g/n/ac/ax/be 2×2 MIMO EHT160,蓝牙6.0,USB Type-C USB 3.1 Gen1（标配线USB2.0）,天通卫星通信（通话）+ 北斗卫星消息（可发图）,未公布,支持（红外传感器）,侧边指纹,3D人脸识别,支持立体声 / Huawei Histen / 超大开放式音腔,未公布,HarmonyOS 6.0（纯血鸿蒙）,鸿蒙AI,未查到,天通卫星通话+北斗卫星消息；星闪E2.0；700MHz无网应急通信；2.4GHz畅连7公里；双层OLED；3D ToF人脸,卫星通信能力最强、双层OLED、鸿蒙生态协同,芯片性能落后骁龙约两代（GB7单1596）；价格高且官方逆势涨价；纯血鸿蒙生态有缺口,京东16+512G 6479.1-6899（09-28）；16+1TB 7379.1（09-27）,在售未缺货,否
8,一加 15,一加,在售,2025-10-27,2025-10-28 10:00,未公布,3999,12+256G 3999；16+256G 4299；12+512G 4599；16+512G 4899；16+1TB 5399（2026-06-30调价后5099-6499）,原色沙丘、绝对黑、雾光紫,第五代骁龙8至尊版,台积电3nm,4.608GHz,未公布,未公布,未公布,4027702,未查到,未查到,12GB/16GB LPDDR5X（36氪称Ultra）,256G/512G/1TB UFS 4.1,6.78英寸1.5K直屏,2772×1272,450,1-120Hz（部分场景165Hz）,瞬时3200Hz / 五指330Hz / 十指290Hz,全局激发1800nit / 默认800nit,同左,全亮度DC（2160Hz PWM+DC双模）,京东方定制X3,康宁大猩猩Victus 2,京东方,直屏,莱茵TÜV智能护眼5.0,100% DCI-P3 / SVM 0.12,7300mAh等效（2×3650）,—,冰川电池,120W有线,50W无线,旁路供电,官网称39.7分钟充满（ZDNet实测国际版80W峰值仅46W 充满超1小时）,极客湾5.0 9h12m（05-19）；GSMArena 23h07m；Notebookcheck网页浏览30h42m,5000万索尼IMX906 1/1.56英寸 f/1.8 24mm 6P AF 两轴OIS,5000万 OV50D40 f/2.0 16mm 116° 6P,5000万 S5KJN5 f/2.8 85mm 3.5倍光变 4P AF 两轴OIS,3200万 f/2.4 21mm AF,未查到,官网未提哈苏（用OPPO LUMO凝光影像）,8K30、4K120杜比视界,161.42×76.67×8.10/8.20,211g（原色沙丘）/215g（绝对黑）,金属中框,玻璃,IP66/IP68/IP69/IP69K,Wi-Fi 7,蓝牙6.0,NFC+红外,USB 3.2 Gen1,无,支持,屏下指纹（未标超声波）,未公布,双扬声器,X轴马达,ColorOS 16（Android 16）,小布助手,未查到,165Hz第三代东方屏（全球首块165Hz高分辨率屏）；电竞三芯（骁龙8至尊版+电竞网络芯片G2+灵犀触控芯）；冰川电池120W+50W组合,全场最轻211g、最薄8.10mm、120W快充最快,屏幕倾斜角度底部发绿；165Hz不稳定；发热争议（实测最高52℃）；系统优化与影像规格被吐槽,天猫88VIP 12+256G 4344.05（09-27）,天猫在售,是（全系<6000）
9,一加 16,一加,未发布,定档 2026-10-12,未公布,未公布,未公布,未公布（爆料8+256 4999 / 12+256 5499 / 12+512 5999 / 16+1TB 7499，均未获官方确认）,3款（名称未公布）,骁龙8 Elite Gen6（官方确认）,未公布,未公布,未公布,未公布,未公布,曝光5384433（未确认）,未公布,未公布,12+256 / 12+512 / 16+512 / 16+1TB（官方）,未公布,爆料6.78英寸AMOLED,未公布,未公布,系统级165Hz / 游戏185Hz（官方）,未公布,未公布,未公布,未公布,未公布,未公布,未公布,未公布,未公布,未公布,未公布,未公布,未公布,爆料100W有线,爆料50W无线,未公布,未公布,未查到,200MP（官方）,50MP（官方）,50MP 3倍潜望长焦 IMX882（官方）,未公布,未公布,未公布（改用OPPO LUMO凝光影像）,未公布,未公布,未公布,未公布,未公布,爆料IP68/IP69,未公布,未公布,未公布,未公布,未公布,未公布,爆料超声波指纹,未公布,爆料双扬声器,爆料X轴马达,ColorOS 17（Android 17）（官方）,未公布,未查到,全栈自研电竞三芯（超级显示芯片P4 + 电竞网络芯片G3 + 灵犀触控芯片T3）；风驰游戏内核写入芯片固件层；原生185fps；PEL官方赛事用机,未发布,未发布,未开售（京东已开启预约）,未发布,—
10,华为 Mate 90 系列,华为,未发布,定档 2026-10-01 10:00,2026-10-01 12:08,未公布,未公布,未公布,未公布,预计麒麟9050 Pro（爆料）,未公布,未公布,未公布,未公布,未公布,未公布,未公布,未公布,未公布,未公布,未公布,未公布,未公布,未公布,未公布,未公布,未公布,未公布,未公布,未公布,未公布,未公布,未公布,未公布,未公布,未公布,未公布,未公布,未公布,未公布,未公布,未查到,未公布,未公布,外接睿影Z10 1英寸CMOS 1-10x光变（爆料）,未公布,未公布,未公布,未公布,未公布,未公布,未公布,未公布,未公布,未公布,未公布,未公布,未公布,未公布,未公布,未公布,未公布,未公布,未公布,未公布,未公布,未查到,未发布,未发布,未发布,未开售（线下门店已展出）,未发布,—
11,华为 Mate 70 Pro+,华为,在售（第三方渠道为主）,2024-11-26,2024-12-04,未公布,8499,16+512G 8499；16+1TB 9999（发布价）,金丝银锦、羽衣白、飞天青、砚黑,麒麟9020,未公布,未公布,未公布,未公布,未公布,未查到,未查到,未查到,16GB,512G/1TB,6.9英寸OLED,2848×1320,约450,1-120Hz LTPO,未查到,未查到,未查到,未查到,未查到,未查到,未查到,全等深四微曲屏,未查到,未查到,5700mAh,未公布,未查到,100W,80W,20W有线反充,未查到,未查到,5000万 超聚光 F1.4-F4.0可变光圈 OIS（传感器未公布）,4000万 F2.2,4800万 超聚光微距长焦 F2.1 OIS,1300万,未查到,XMAGE 红枫原色,未查到,未查到,约229g,玄武架构金属,未公布,IP68+IP69,未查到,未查到,USB Type-C,天通卫星通话 + 北斗卫星消息,未公布,未查到,侧边指纹,3D人脸,未查到,未查到,HarmonyOS 5.0（纯血鸿蒙）,鸿蒙AI（小艺）,未查到,红枫原色影像；钛玄武架构；双卫星通信,双卫星通信、红枫影像、玄武架构扎实,麒麟9020性能落后骁龙约两代；发布价偏高,5049（百亿补贴 16+512G，2026-03）,第三方在售（降价中）,否
12,iPhone 17 Pro,苹果,已停产下架,2025-09-09,预售09-12 / 开售09-19,未公布,8999,256G 8999；512G 10999；1TB 13999,深蓝色、银色、星宇橙色,A19 Pro,Apple未公布（媒体称3nm）,6核（2性能+4能效）,6核（带神经加速器）,未公布,未公布,未查到,未查到,未查到,12GB（媒体）,256G/512G/1TB,6.3英寸OLED,2622×1206,460,ProMotion自适应最高120Hz,未查到,1000nit典型 / 1600nit HDR / 3000nit户外,未查到,未查到,未查到,未查到,未查到,直屏（灵动岛）,未查到,未查到,Apple未公布,未公布,未查到,20分钟充至50%（需40W+适配器）,MagSafe/Qi2 25W,未公布,未查到,未查到,4800万融合式 f/1.78 24mm 二代传感器位移OIS,4800万 f/2.2 13mm 120°,4800万 f/2.8 100mm(4x) 3D传感器位移OIS+AF,1800万 Center Stage f/1.9,未查到,无,未查到,150.8×71.9×8.75,206g,铝金属一体成型,超瓷晶面板,IP68,802.11be（Wi-Fi 7）,蓝牙6,USB-C USB 3 最高10Gb/s,中国大陆不支持,未公布,未查到,无,Face ID,未查到,未查到,iOS 26,Apple Intelligence 中国大陆未上线,未查到,VC均热板（iPhone首次）；三摄全4800万,小屏高性能、均热板散热、机身轻,已被18 Pro替代停产；边框掉漆投诉同批次存在,未查到,第三方尾货（官网已下架）,否
13,iPhone 17,苹果,在售（第三方渠道为主）,2025-09-09,预售09-12 / 开售09-19,未公布,5999,256G 5999；512G 7999,黑色、白色、淡紫色、雾蓝色、鼠尾草绿,A19,Apple未公布（媒体称3nm）,6核（2性能+4能效）,5核（带神经加速器）,未公布,未公布,未查到,未查到,未查到,8GB（媒体）,256G/512G,6.3英寸OLED,2622×1206,460,ProMotion自适应最高120Hz,未查到,1000nit典型 / 1600nit HDR / 3000nit户外,未查到,未查到,未查到,未查到,未查到,直屏（灵动岛）,未查到,未查到,Apple未公布,未公布,未查到,约20分钟充至50%（40W适配器）,MagSafe/Qi2 25W,未公布,未查到,未查到,4800万融合式 f/1.78 Dual Capture,4800万 f/2.2 13mm 120°,未配备,1800万 Center Stage f/1.9,未查到,无,未查到,149.6×71.45×7.95,177g,铝金属,超瓷晶面板2,IP68,802.11be（Wi-Fi 7）,蓝牙6,USB-C USB 2,中国大陆不支持,未公布,未查到,无,Face ID,未查到,未查到,iOS 26,Apple Intelligence 中国大陆未上线,未查到,ProMotion与3000nit下放标准版；4800万双摄,5999起售价性价比高、屏幕升级大、177g轻,无长焦；充电仍偏慢,未查到,官网在售,是（5999<6000）
14,iPhone Air,苹果,在售（第三方渠道为主）,2025-09-09,预售09-12 / 开售09-19,未公布,7999,256G 7999；更高容量价格未查到,天蓝色、浅金色、银色、深黑色,A19 Pro,Apple未公布（媒体称3nm）,6核（2性能+4能效）,6核（带神经加速器）,未公布,未公布,未查到,未查到,未查到,12GB（媒体）,256G起,6.5英寸OLED,1260×2736,460,ProMotion自适应最高120Hz,未查到,1000nit典型 / 3000nit户外,未查到,未查到,未查到,未查到,未查到,直屏（灵动岛）,未查到,未查到,Apple未公布（媒体拆解约3149mAh）,未公布,未查到,约20分钟充至50%（20W+）,MagSafe/Qi2（功率未公布）,未公布,未查到,未查到,4800万融合式 f/1.65 26mm,未配备,未配备,1800万 Center Stage f/1.9,未查到,无,未查到,156.2×74.7×5.64,约165g,钛金属（钛铝一体成型）,超瓷晶面板（前后）,IP68,802.11be（Wi-Fi 7）,蓝牙6,USB-C USB 3,中国大陆不支持,未公布,未查到,无,Face ID,未查到,未查到,iOS 26,Apple Intelligence 中国大陆未上线,未查到,5.64mm史上最薄iPhone；钛金属；仅eSIM无实体卡槽,史上最薄最轻、设计惊艳、A19 Pro满血,电池偏小续航一般；单摄无超广角；eSIM国行体验不便；市场反馈销量不佳,未查到,官网在售,否
15,iPhone 16e,苹果,已停产下架,2025-02-28,2025-02-28,未公布,4499,256G 4499；512G 5999,白色、黑色,A18,Apple未公布（媒体称3nm）,6核（2性能+4能效）,4核,未公布,未公布,未查到,未查到,未查到,8GB（媒体）,256G/512G,6.1英寸OLED,2532×1170,460,60Hz,未查到,未查到,未查到,未查到,未查到,未查到,未查到,直屏（刘海）,未查到,未查到,Apple未公布（媒体拆解约4005mAh）,未公布,未查到,20W（媒体实测）,Qi 7.5W（无MagSafe磁吸）,未公布,未查到,未查到,4800万融合式 f/1.6,未配备,未配备,1200万 f/1.9,未查到,无,未查到,146.7×71.5×7.80,167g,铝金属,超瓷晶面板,IP68,802.11be（Wi-Fi 7）,蓝牙5.3,USB-C USB 2,中国大陆不支持,未公布,未查到,无,Face ID,未查到,未查到,iOS 18（发布时）,Apple Intelligence 中国大陆未上线,未查到,Apple C1自研基带全球首发；单摄4800万；最长40小时视频续航,最便宜的Apple Intelligence iPhone；C1基带信号与功耗表现好；续航40小时视频,60Hz屏；无MagSafe；单摄；刘海屏非灵动岛,未查到,官网已下架（第三方尾货）,是（4499<6000）
16,小米 17 Pro Max,小米,在售（2026-09调价后涨价）,2025-09-25,2025-09-27,未公布,6499,12+256G 6499；高配价格未查到（2026-09起售价调至6999）,黑色、白色、紫色、绿色,第五代骁龙8至尊版（骁龙8 Elite Gen5）,台积电第三代3nm,第三代高通Oryon 最高4.6GHz,Adreno（型号未公布）,未公布,未公布,未查到,未查到,未查到,12GB/16GB LPDDR5X Ultra,256G/512G/1TB UFS 4.1,6.9英寸AMOLED 超级像素屏,2608×1200,未公布,1-120Hz LTPO,未查到,未查到,未查到,未查到,未查到,未查到,未查到,直屏,未查到,未查到,7500mAh,未公布,金沙江电池（L型异形叠片）,100W,50W,未公布,未查到,未查到,5000万 光影猎人950 f/1.67 OIS（徕卡）,5000万,5000万潜望 5x光变,5000万,未查到,徕卡 Summilux,未查到,未查到,约219g,高强度航空铝四微曲,玻璃/纤维,IP68,未查到,未查到,未查到,未公布,未公布,未查到,3D超声波指纹,未查到,立体声,未查到,Xiaomi HyperOS 3（发布时）,超级小爱,未查到,背部副屏（妙享背屏）；M10国产发光材料；7500mAh金沙江电池,背屏交互玩法多；7500mAh续航强；徕卡影像,219g偏重；2026-09调价涨500元,6999（2026-09 调价后起售）,第三方现货,否
17,红米 K90 Pro Max,红米,在售（第三方渠道为主）,2025-10-23,未查到,未公布,3999,12+256G 3999；16+512G 4699；冠军版 5499,未查到,第五代骁龙8至尊版（骁龙8 Elite Gen5）,台积电第三代3nm,第三代高通Oryon 最高4.6GHz,Adreno（型号未公布）,未公布,未公布,未查到,未查到,未查到,12GB/16GB LPDDR5X Ultra,256G/512G/1TB UFS 4.1,6.9英寸AMOLED 超级像素屏（与小米17 Pro Max同款 全RGB排列）,2608×1200,未公布,120Hz,未查到,未查到,未查到,未查到,未查到,未查到,未查到,直屏,未查到,未查到,7560mAh,未公布,金沙江电池,100W,50W,未公布,未查到,未查到,5000万 光影猎人800 OIS,未查到,5000万潜望长焦,2000万,未查到,无,未查到,未查到,未查到,未查到,未查到,IP68,未查到,未查到,未查到,未公布,未公布,未查到,3D超声波指纹,未查到,2.1立体声三扬声器,未查到,Xiaomi HyperOS 3,未单列,未查到,7560mAh（K系列最大电池）；三扬声器；风冷散热,3999档续航顶级；外放体验顶级；性能旗舰,影像无联名；机身偏大偏重（媒体口径）,未查到,第三方在售,是（3999<6000）
18,iQOO 15,iQOO,在售（第三方渠道为主）,2025-10-20,2025-10-20（发布并开售）,未公布,4199,12+256G 4199；16+256G 4499；12+512G 4699；16+512G 4999；16+1TB 5499,黑燧、白昼、传奇,第五代骁龙8至尊版（骁龙8 Elite Gen5）,台积电第三代3nm,第三代高通Oryon,Adreno（型号未公布）,未公布,未公布,未查到,未查到,未查到,12GB/16GB LPDDR5X Ultra,256G/512G/1TB UFS 4.1,6.85英寸2K三星珠峰屏（M14）,3168×1440,510,144Hz,瞬时3200Hz,全局2600nit / 局部6000nit（媒体）,未查到,未查到,未查到,未查到,未查到,直屏,未查到,未查到,7000mAh,未公布,未查到,100W,40W,未公布,未查到,未查到,5000万 OIS（型号未查到）,5000万,5000万超级潜望长焦,未查到,未查到,无蔡司联名,未查到,未查到,未查到,金属,玻璃,IP68/IP69,未查到,未查到,未查到,未公布,未公布,未查到,超声波指纹,未查到,立体声双扬,未查到,OriginOS 6（Android 16）,蓝心小V,未查到,自研电竞芯片Q3；2K三星珠峰屏；7000mAh,电竞体验顶级；2K 144Hz好屏；7000mAh续航,无蔡司联名；机身偏大,4199（发布价）,第三方在售,是（4199<6000）
19,一加 13,一加,在售（第三方渠道为主）,2024-10-31,2024-11-01,未公布,4499,12+256G 4499；12+512G 4899；16+512G 5299；24+1TB 5999,白露晨雾、蓝调时刻、黑曜秘境,第四代骁龙8至尊版（骁龙8 Elite）,台积电第二代3nm,第二代Oryon 最高4.32GHz,Adreno 830,未公布,未公布,未查到,未查到,未查到,12GB/16GB/24GB LPDDR5X,256G/512G/1TB UFS 4.0,6.82英寸 第二代2K东方屏,3168×1440,510,1-120Hz LTPO,未查到,4500nit,未查到,未查到,未查到,未查到,未查到,全等深四微曲屏,未查到,未查到,6000mAh,未公布,冰川电池（硅碳负极）,100W（约36分钟充满）,50W,未公布,未查到,未查到,5000万 索尼LYT-808 OIS,5000万 三星JN5,5000万 LYT-600 3x潜望 多重棱镜反射,3200万,未查到,哈苏大师影像,未查到,162.9×76.7×8.5/8.9,约210g,金属,玻璃/素皮,IP68+IP69,未查到,未查到,未查到,未公布,未公布,未查到,超声波指纹,未查到,未查到,瑞声巨型X轴,ColorOS 15（Android 15）,小布助手,未查到,第二代2K东方屏；6000mAh冰川电池；哈苏人像,屏幕顶级；续航强；哈苏影像无影抓拍,上代芯片；机身偏重,未查到,第三方在售（降价中）,是（4499<6000）
20,荣耀 Magic8 Pro,荣耀,在售（第三方渠道为主）,2025-10-15,2025-10-23,未公布,5699,12+256G 5699（到手）；16+512G 未查到,旭日金、天青釉、雪域白、绒黑色,第五代骁龙8至尊版（骁龙8 Elite Gen5）,台积电第三代3nm,第三代高通Oryon,Adreno（型号未公布）,未公布,未公布,未查到,未查到,未查到,12GB/16GB,256G/512G/1TB UFS 4.1,6.71英寸OLED悬浮曲面屏,未查到,未查到,1-120Hz LTPO,未查到,未查到,未查到,未查到,未查到,未查到,未查到,曲面屏,未查到,未查到,7200mAh,未公布,青海湖电池,120W,80W,未公布,未查到,未查到,5000万 鹰眼主摄 OIS,5000万,2亿 潜望长焦（超夜神AI自进化）,5000万,未查到,荣耀鹰眼相机（无第三方联名）,未查到,未查到,未查到,金属,玻璃,IP68+IP69,未查到,未查到,未查到,未公布,未公布,未查到,3D超声波指纹,3D人脸,未查到,未查到,MagicOS 10（Android 16）,YOYO智能体,未查到,2亿超夜神长焦；7200mAh；五芯六翼天线（23个5G频段）,夜景长焦强；7200mAh续航大；AI智能体,影像无第三方联名；价格与Pro Max档位有差距,5699（发布价）,第三方在售,是（5699<6000）
